N. commuters,N. cycling,% cycling,"Distance (km, Euclidean)"
574,3,0.5226480836236934,17.883598351665537
574,49.536969769457485,8.630134106177263,2.568
574,271.1412627845263,47.237153795213644,2.568
